{
    "name": "root",
    "gauges": {
        "RL_Test.Policy.Entropy.mean": {
            "value": 2.7748007774353027,
            "min": 2.773428201675415,
            "max": 2.8014767169952393,
            "count": 30
        },
        "RL_Test.Policy.Entropy.sum": {
            "value": 27767.431640625,
            "min": 27688.619140625,
            "max": 28062.17578125,
            "count": 30
        },
        "RL_Test.Step.mean": {
            "value": 499965.0,
            "min": 209981.0,
            "max": 499965.0,
            "count": 30
        },
        "RL_Test.Step.sum": {
            "value": 499965.0,
            "min": 209981.0,
            "max": 499965.0,
            "count": 30
        },
        "RL_Test.Policy.ExtrinsicValueEstimate.mean": {
            "value": -0.5072512030601501,
            "min": -2.1856188774108887,
            "max": -0.5072512030601501,
            "count": 30
        },
        "RL_Test.Policy.ExtrinsicValueEstimate.sum": {
            "value": -81.66744232177734,
            "min": -355.9990234375,
            "max": -81.66744232177734,
            "count": 30
        },
        "RL_Test.Environment.EpisodeLength.mean": {
            "value": 1103.7777777777778,
            "min": 559.4736842105264,
            "max": 1319.25,
            "count": 30
        },
        "RL_Test.Environment.EpisodeLength.sum": {
            "value": 9934.0,
            "min": 8864.0,
            "max": 10823.0,
            "count": 30
        },
        "RL_Test.Environment.CumulativeReward.mean": {
            "value": -6.777777777777778,
            "min": -17.31578947368421,
            "max": -1.875,
            "count": 30
        },
        "RL_Test.Environment.CumulativeReward.sum": {
            "value": -61.0,
            "min": -329.0,
            "max": -15.0,
            "count": 30
        },
        "RL_Test.Policy.ExtrinsicReward.mean": {
            "value": -6.777777777777778,
            "min": -17.31578947368421,
            "max": -1.875,
            "count": 30
        },
        "RL_Test.Policy.ExtrinsicReward.sum": {
            "value": -61.0,
            "min": -329.0,
            "max": -15.0,
            "count": 30
        },
        "RL_Test.IsTraining.mean": {
            "value": 1.0,
            "min": 1.0,
            "max": 1.0,
            "count": 30
        },
        "RL_Test.IsTraining.sum": {
            "value": 1.0,
            "min": 1.0,
            "max": 1.0,
            "count": 30
        },
        "RL_Test.Losses.PolicyLoss.mean": {
            "value": 0.05222230288006055,
            "min": 0.04373457529145526,
            "max": 0.053034564325450145,
            "count": 29
        },
        "RL_Test.Losses.PolicyLoss.sum": {
            "value": 0.05222230288006055,
            "min": 0.04373457529145526,
            "max": 0.053034564325450145,
            "count": 29
        },
        "RL_Test.Losses.ValueLoss.mean": {
            "value": 0.46768915342787903,
            "min": 0.4600709396104018,
            "max": 2.5702425022919972,
            "count": 29
        },
        "RL_Test.Losses.ValueLoss.sum": {
            "value": 0.46768915342787903,
            "min": 0.4600709396104018,
            "max": 2.5702425022919972,
            "count": 29
        },
        "RL_Test.Policy.LearningRate.mean": {
            "value": 1.1466996177999978e-06,
            "min": 1.1466996177999978e-06,
            "max": 0.00017380264206580005,
            "count": 29
        },
        "RL_Test.Policy.LearningRate.sum": {
            "value": 1.1466996177999978e-06,
            "min": 1.1466996177999978e-06,
            "max": 0.00017380264206580005,
            "count": 29
        },
        "RL_Test.Policy.Epsilon.mean": {
            "value": 0.10038220000000003,
            "min": 0.10038220000000003,
            "max": 0.15793420000000008,
            "count": 29
        },
        "RL_Test.Policy.Epsilon.sum": {
            "value": 0.10038220000000003,
            "min": 0.10038220000000003,
            "max": 0.15793420000000008,
            "count": 29
        },
        "RL_Test.Policy.Beta.mean": {
            "value": 2.9071779999999956e-05,
            "min": 2.9071779999999956e-05,
            "max": 0.002900916580000001,
            "count": 29
        },
        "RL_Test.Policy.Beta.sum": {
            "value": 2.9071779999999956e-05,
            "min": 2.9071779999999956e-05,
            "max": 0.002900916580000001,
            "count": 29
        }
    },
    "metadata": {
        "timer_format_version": "0.1.0",
        "start_time_seconds": "1749062381",
        "python_version": "3.10.10 | packaged by Anaconda, Inc. | (main, Mar 21 2023, 18:39:17) [MSC v.1916 64 bit (AMD64)]",
        "command_line_arguments": "C:\\Users\\dkeke\\anaconda3\\Scripts\\mlagents-learn config.yaml --run-id=RL_TEST --resume",
        "mlagents_version": "1.1.0",
        "mlagents_envs_version": "1.1.0",
        "communication_protocol_version": "1.5.0",
        "pytorch_version": "2.7.0+cpu",
        "numpy_version": "1.23.5",
        "end_time_seconds": "1749063797"
    },
    "total": 1416.7574585000111,
    "count": 1,
    "self": 0.008913800018490292,
    "children": {
        "run_training.setup": {
            "total": 0.13857959999586456,
            "count": 1,
            "self": 0.13857959999586456
        },
        "TrainerController.start_learning": {
            "total": 1416.6099650999968,
            "count": 1,
            "self": 4.8565197106217965,
            "children": {
                "TrainerController._reset_env": {
                    "total": 4.906732999996166,
                    "count": 1,
                    "self": 4.906732999996166
                },
                "TrainerController.advance": {
                    "total": 1406.7912509894231,
                    "count": 300181,
                    "self": 4.760260097144055,
                    "children": {
                        "env_step": {
                            "total": 1295.5036281883222,
                            "count": 300181,
                            "self": 864.9464625975961,
                            "children": {
                                "SubprocessEnvManager._take_step": {
                                    "total": 427.46839690138586,
                                    "count": 300181,
                                    "self": 12.45306890658685,
                                    "children": {
                                        "TorchPolicy.evaluate": {
                                            "total": 415.015327994799,
                                            "count": 299976,
                                            "self": 415.015327994799
                                        }
                                    }
                                },
                                "workers": {
                                    "total": 3.0887686893402133,
                                    "count": 300181,
                                    "self": 0.0,
                                    "children": {
                                        "worker_root": {
                                            "total": 1408.8983421931916,
                                            "count": 300181,
                                            "is_parallel": true,
                                            "self": 775.4354993985035,
                                            "children": {
                                                "steps_from_proto": {
                                                    "total": 0.00021810000180266798,
                                                    "count": 1,
                                                    "is_parallel": true,
                                                    "self": 0.0001142999972216785,